Candidate,Fold,roc_auc,accuracy,balanced_accuracy,precision,recall,f1
0,1,0.9999525166191833,0.995260663507109,0.9961538461538462,1.0,0.9923076923076923,0.9961389961389961
0,2,0.9998100664767331,0.990521327014218,0.9923076923076923,1.0,0.9846153846153847,0.9922480620155039
0,3,0.9891737891737892,0.981042654028436,0.9822886989553656,0.9921875,0.9769230769230769,0.9844961240310077
0,4,0.9999054641709207,0.985781990521327,0.9883720930232558,1.0,0.9767441860465116,0.9882352941176471
0,5,0.99513140480242,0.990521327014218,0.9922480620155039,1.0,0.9844961240310077,0.9921875
1,1,1.0,0.995260663507109,0.9961538461538462,1.0,0.9923076923076923,0.9961389961389961
1,2,0.9998100664767332,0.990521327014218,0.9923076923076923,1.0,0.9846153846153847,0.9922480620155039
1,3,0.9901709401709402,0.981042654028436,0.9799620132953466,0.9846153846153847,0.9846153846153847,0.9846153846153847
1,4,0.9994327850255247,0.985781990521327,0.9883720930232558,1.0,0.9767441860465116,0.9882352941176471
1,5,0.9962185668368312,0.990521327014218,0.9922480620155039,1.0,0.9844961240310077,0.9921875
2,1,1.0,0.995260663507109,0.9961538461538462,1.0,0.9923076923076923,0.9961389961389961
2,2,0.9998100664767332,0.990521327014218,0.9923076923076923,1.0,0.9846153846153847,0.9922480620155039
2,3,0.9887464387464389,0.981042654028436,0.9822886989553656,0.9921875,0.9769230769230769,0.9844961240310077
2,4,0.9999527320854604,0.985781990521327,0.9883720930232558,1.0,0.9767441860465116,0.9882352941176471
2,5,0.994422386084326,0.990521327014218,0.9922480620155039,1.0,0.9844961240310077,0.9921875
3,1,0.9999050332383665,0.995260663507109,0.9961538461538462,1.0,0.9923076923076923,0.9961389961389961
3,2,0.9998100664767331,0.985781990521327,0.9861348528015195,0.9922480620155039,0.9846153846153847,0.9884169884169884
3,3,0.9915479582146249,0.981042654028436,0.9799620132953466,0.9846153846153847,0.9846153846153847,0.9846153846153847
3,4,0.9990546417092079,0.985781990521327,0.9883720930232558,1.0,0.9767441860465116,0.9882352941176471
3,5,0.9946114577424844,0.990521327014218,0.9922480620155039,1.0,0.9844961240310077,0.9921875
4,1,1.0,0.995260663507109,0.9961538461538462,1.0,0.9923076923076923,0.9961389961389961
4,2,0.9998100664767332,0.990521327014218,0.9923076923076923,1.0,0.9846153846153847,0.9922480620155039
4,3,0.9906457739791074,0.981042654028436,0.9799620132953466,0.9846153846153847,0.9846153846153847,0.9846153846153847
4,4,0.9995273208546039,0.985781990521327,0.9883720930232558,1.0,0.9767441860465116,0.9882352941176471
4,5,0.9962185668368312,0.990521327014218,0.9922480620155039,1.0,0.9844961240310077,0.9921875
5,1,0.9998100664767331,0.995260663507109,0.9961538461538462,1.0,0.9923076923076923,0.9961389961389961
5,2,0.9994301994301995,0.985781990521327,0.9861348528015195,0.9922480620155039,0.9846153846153847,0.9884169884169884
5,3,0.9916429249762584,0.981042654028436,0.9799620132953466,0.9846153846153847,0.9846153846153847,0.9846153846153847
5,4,0.9989601058801286,0.985781990521327,0.9883720930232558,1.0,0.9767441860465116,0.9882352941176471
5,5,0.9965967101531481,0.990521327014218,0.9922480620155039,1.0,0.9844961240310077,0.9921875
6,1,0.9999050332383665,0.995260663507109,0.9961538461538462,1.0,0.9923076923076923,0.9961389961389961
6,2,0.9998100664767331,0.985781990521327,0.9861348528015195,0.9922480620155039,0.9846153846153847,0.9884169884169884
6,3,0.9912630579297247,0.981042654028436,0.9799620132953466,0.9846153846153847,0.9846153846153847,0.9846153846153847
6,4,0.999149177538287,0.985781990521327,0.9883720930232558,1.0,0.9767441860465116,0.9882352941176471
6,5,0.9949896010588013,0.990521327014218,0.9922480620155039,1.0,0.9844961240310077,0.9921875
7,1,0.9999050332383665,0.990521327014218,0.9899810066476733,0.9923076923076923,0.9923076923076923,0.9923076923076923
7,2,0.9997150997150998,0.985781990521327,0.9861348528015195,0.9922480620155039,0.9846153846153847,0.9884169884169884
7,3,0.9918328584995252,0.981042654028436,0.9799620132953466,0.9846153846153847,0.9846153846153847,0.9846153846153847
7,4,0.9990546417092079,0.981042654028436,0.982274532047646,0.9921259842519685,0.9767441860465116,0.984375
7,5,0.9953677443751182,0.990521327014218,0.9922480620155039,1.0,0.9844961240310077,0.9921875
